item,item_type,frq,log_frq,zipf,diac,pos,lemma,all_lem_cnt,all_lem_frq,length,rep_letter,n,n_tl,n_a,lev_n,list_type
تغيرا,word,1.27,0.36,3.11,تَغَيُّرًا,V + PRON,تغير,27.0,0.22,5,0.0,6.0,0.0,5.0,1.0,other_7k_frequent
فوفت,nonword,,,,,,,,,4,,,,,,
أعلمهم,word,1.09,0.33,3.04,أَعْلَمُهُمْ,V + PRON,أعلم,17.0,0.14,6,1.0,4.0,0.0,0.0,1.0,other_7k_frequent
أمائل,nonword,,,,,,,,,5,,,,,,
عذاح,nonword,,,,,,,,,4,,,,,,
أياسيخ,nonword,,,,,,,,,6,,,,,,
دخولها,word,3.09,0.62,3.49,دُخولُها,NOUN-MS + PRON,دخول,19.0,0.16,6,0.0,2.0,0.0,1.0,1.0,other_7k_frequent
اصطفوع,nonword,,,,,,,,,6,,,,,,
العوامل,word,2.82,0.59,3.46,العَوامِلُ,DET + NOUN-FP,عامل,58.0,0.48,7,1.0,3.0,1.0,0.0,1.17,most_5k_frequent
ملاحقاط,nonword,,,,,,,,,7,,,,,,
بالرامل,nonword,,,,,,,,,7,,,,,,
ستشهد,word,1.56,0.41,3.2,سَتَشْهَدُ,FUT_PART + V,شهد,26.0,0.22,5,0.0,4.0,0.0,2.0,1.0,other_7k_frequent
العدسات,word,2.12,0.5,3.33,العَدَساتُ,DET + NOUN-FP + NSUFF,عدسة,4.0,0.04,7,1.0,0.0,0.0,0.0,0.0,most_5k_frequent
يكونته,nonword,,,,,,,,,6,,,,,,
متقاطعة,word,0.74,0.25,2.87,مُتَقاطِعَةٌ,ADJ-FS + NSUFF,متقاطع,2.0,0.02,7,0.0,0.0,0.0,0.0,1.0,other_7k_frequent
مباتك,nonword,,,,,,,,,5,,,,,,
الشفاء,word,10.27,1.06,4.02,الشِّفاءِ,DET + NOUN-MS,شفاء,10.0,0.09,6,1.0,11.0,0.0,3.0,1.0,most_5k_frequent
التطية,nonword,,,,,,,,,6,,,,,,
غزاون,nonword,,,,,,,,,5,,,,,,
المنتهية,word,0.93,0.29,2.97,المُنْتَهيَةُ,DET + ADJ-MP + NSUFF,منتهي,5.0,0.05,8,0.0,0.0,0.0,0.0,0.0,most_5k_frequent
النابطة,nonword,,,,,,,,,7,,,,,,
أبيع,word,11.36,1.1,4.06,أَبيعُ,NOUN-FP,باع,38.0,0.31,4,0.0,22.0,0.0,5.0,1.0,other_7k_frequent
تقطي,nonword,,,,,,,,,4,,,,,,
علاثتنا,nonword,,,,,,,,,7,,,,,,
سعيدان,word,3.6,0.67,3.56,سَّعيدانِ,NOUN-FS + NSUFF,سعيد,16.0,0.14,6,0.0,4.0,0.0,1.0,1.0,other_7k_frequent
مواندم,nonword,,,,,,,,,6,,,,,,
أغلة,nonword,,,,,,,,,4,,,,,,
يقتشح,nonword,,,,,,,,,5,,,,,,
رميلا,nonword,,,,,,,,,5,,,,,,
واتها,nonword,,,,,,,,,5,,,,,,
تبهض,nonword,,,,,,,,,4,,,,,,
ستبدو,word,7.66,0.94,3.89,سَتَبْدو,NOUN-MS,بدأ,60.0,0.49,5,0.0,8.0,0.0,0.0,1.0,other_7k_frequent
يتراز,nonword,,,,,,,,,5,,,,,,
الوطدت,nonword,,,,,,,,,6,,,,,,
الليغها,nonword,,,,,,,,,7,,,,,,
بكتيرية,word,0.52,0.19,2.72,بَكْتيريَّةٌ,NOUN-FP + NSUFF,بكتيري,1.0,0.01,7,1.0,1.0,0.0,0.0,1.0,other_7k_frequent
النار,word,340.67,2.54,5.54,النّارُ,DET + NOUN-MS,نار,15.0,0.13,5,1.0,25.0,0.0,10.0,1.0,most_5k_frequent
دكز,nonword,,,,,,,,,3,,,,,,
الجوية,word,25.33,1.43,4.41,الجَوّيَّةُ,DET + ADJ-FS + NSUFF,جوي,6.0,0.05,6,0.0,6.0,0.0,1.0,1.0,most_5k_frequent
شرب,word,35.65,1.57,4.56,شُرْبَ,NOUN-MS,شرب,56.0,0.46,3,0.0,31.0,1.0,15.0,1.0,other_7k_frequent
الفردل,nonword,,,,,,,,,6,,,,,,
تغتنع,nonword,,,,,,,,,5,,,,,,
تقابل,word,14.62,1.2,4.17,تُقابِلُ,V,قابل,80.0,0.66,5,0.0,9.0,0.0,11.0,1.0,other_7k_frequent
الأمعاء,word,5.23,0.8,3.72,الأَمْعاءِ,DET + NOUN-MP,معاء,6.0,0.05,7,1.0,3.0,0.0,1.0,1.0,other_7k_frequent
الأولية,word,13.05,1.15,4.12,الأَوَّليَّةُ,DET + ADJ-FS + NSUFF,أول,16.0,0.14,7,1.0,7.0,0.0,1.0,1.0,most_5k_frequent
يستقبل,word,1.65,0.43,3.22,يَسْتَقْبِلُ,V,استقبل,7.0,0.06,6,0.0,6.0,1.0,0.0,1.1,other_7k_frequent
وثيقا,word,0.43,0.16,2.64,وَثيقًا,NOUN-MS + CASE,وثيق,2.0,0.02,5,0.0,1.0,0.0,0.0,1.0,other_7k_frequent
وتطارة,nonword,,,,,,,,,6,,,,,,
بدأنا,word,43.75,1.66,4.65,بَدَأْنا,V + PRON,بدأ,60.0,0.49,5,0.0,6.0,0.0,2.0,1.0,other_7k_frequent
الأصلواج,nonword,,,,,,,,,8,,,,,,
الحملكة,nonword,,,,,,,,,7,,,,,,
نالص,nonword,,,,,,,,,4,,,,,,
التشريعات,word,0.64,0.22,2.81,التَّشْريعاتُ,DET + NOUN-FP + NSUFF,تشريع,3.0,0.03,9,1.0,0.0,0.0,0.0,0.0,most_5k_frequent
ثمانعة,nonword,,,,,,,,,6,,,,,,
النداء,word,8.5,0.98,3.93,النِّداءُ,DET + NOUN-MS,نداء,7.0,0.06,6,1.0,9.0,0.0,0.0,1.0,other_7k_frequent
صديقك,word,79.13,1.91,4.9,صَديقُكَ,NOUN-MS + PRON,صديق,101.0,0.83,5,0.0,3.0,0.0,9.0,1.0,other_7k_frequent
تشمل,word,5.73,0.83,3.76,تَشْمَلُ,V,شمل,13.0,0.11,4,0.0,13.0,0.0,3.0,1.0,most_5k_frequent
الافتتال,nonword,,,,,,,,,8,,,,,,
مكابح,word,1.98,0.48,3.3,مَكابِحُ,NOUN-FP,مكابح,2.0,0.02,5,0.0,1.0,0.0,0.0,1.0,other_7k_frequent
طراهد,nonword,,,,,,,,,5,,,,,,
تمالك,word,7.02,0.91,3.85,تَمالَكُ,NOUN-MS,تمالك,3.0,0.03,5,0.0,9.0,0.0,3.0,1.0,other_7k_frequent
البكتيريا,word,4.26,0.73,3.63,البَكْتيرْيا,DET + NOUN-MP,بكتيريا,3.0,0.03,9,1.0,1.0,0.0,0.0,1.0,other_7k_frequent
تحيرب,nonword,,,,,,,,,5,,,,,,
العرافورة,nonword,,,,,,,,,9,,,,,,
مروطن,nonword,,,,,,,,,5,,,,,,
مديرية,word,1.36,0.38,3.14,مُديريَّةُ,NOUN-FS + NSUFF,مديرية,2.0,0.02,6,1.0,1.0,0.0,0.0,1.0,other_7k_frequent
كبدك,word,1.22,0.35,3.09,كَبِدَكَ,NOUN-MS + PRON,كبد,8.0,0.07,4,1.0,3.0,0.0,0.0,1.0,other_7k_frequent
مسلسلي,word,0.66,0.23,2.82,مُسَلْسَلَيْ,NOUN-MP + NSUFF,مسلسل,14.0,0.12,6,1.0,3.0,0.0,0.0,1.0,other_7k_frequent
سأنضم,word,4.73,0.76,3.68,سأَنْضَمُ,FUT_PART + V,انصرف,10.0,0.09,5,0.0,8.0,0.0,0.0,1.0,other_7k_frequent
تصدره,word,0.5,0.18,2.7,تُصْدِرُهُ,V + PRON,أصدر,12.0,0.1,5,0.0,8.0,0.0,0.0,1.0,other_7k_frequent
تجرى,word,2.58,0.56,3.42,تُجْرَى,V,جرى,15.0,0.13,4,0.0,15.0,1.0,1.0,1.05,most_5k_frequent
مقام,word,1.78,0.45,3.26,مَقامُ,NOUN-MS,مقام,4.0,0.04,4,1.0,15.0,0.0,3.0,1.0,other_7k_frequent
اسمالعة,nonword,,,,,,,,,7,,,,,,
قاضيا,word,2.35,0.53,3.38,قاضيًا,NOUN-MS + CASE,قاضي,15.0,0.13,5,1.0,4.0,1.0,0.0,1.14,other_7k_frequent
بأمكانك,word,9.26,1.02,3.97,بأمكانكْ,NOUN-MS,أمكان,9.0,0.08,7,1.0,4.0,0.0,1.0,1.0,other_7k_frequent
تلقت,word,59.15,1.78,4.78,تَلَقَّتْ,V + PRON,تلقى,41.0,0.34,4,1.0,11.0,1.0,3.0,1.06,most_5k_frequent
التفسطة,nonword,,,,,,,,,7,,,,,,
الهض,nonword,,,,,,,,,4,,,,,,
انتصلاع,nonword,,,,,,,,,7,,,,,,
سمكة,word,21.93,1.37,4.35,سَمَكَةٌ,NOUN-FS + NSUFF,سمك,16.0,0.14,4,0.0,6.0,1.0,5.0,1.06,other_7k_frequent
الدولار,word,6.25,0.87,3.8,الدّولارُ,DET + NOUN-MS,دولار,10.0,0.09,7,1.0,1.0,0.0,1.0,1.0,most_5k_frequent
المشردين,word,3.93,0.7,3.6,المُشَرَّدينَ,DET + NOUN-MP + NSUFF,مشرد,9.0,0.08,8,0.0,4.0,1.0,1.0,1.17,other_7k_frequent
طوابير,word,0.85,0.27,2.93,طَوابيرُ,NOUN-FP,طابور,4.0,0.04,6,0.0,0.0,0.0,0.0,0.0,other_7k_frequent
ثنياء,nonword,,,,,,,,,5,,,,,,
الأستحقات,nonword,,,,,,,,,9,,,,,,
صحادية,nonword,,,,,,,,,6,,,,,,
يعائزة,nonword,,,,,,,,,6,,,,,,
العيادة,word,16.49,1.25,4.22,العيادَةُ,DET + NOUN-FS + NSUFF,عيادة,10.0,0.09,7,1.0,6.0,0.0,1.0,1.0,most_5k_frequent
تعودوا,word,3.38,0.65,3.53,تَعَوَّدوا,V + PRON,تعود,6.0,0.05,6,1.0,5.0,0.0,0.0,1.0,other_7k_frequent
المثيرة,word,18.61,1.3,4.27,المُثيرَةُ,DET + ADJ-FP + NSUFF,مثير,19.0,0.16,7,0.0,5.0,0.0,1.0,1.0,most_5k_frequent
رؤبه,nonword,,,,,,,,,4,,,,,,
العائلة,word,132.71,2.13,5.13,العائِلَةُ,DET + NOUN-FP + NSUFF,عائلة,52.0,0.43,7,1.0,13.0,0.0,4.0,1.0,most_5k_frequent
الدماغ,word,30.23,1.5,4.49,الدِّماغِ,DET + NOUN-MS,دماغ,20.0,0.17,6,1.0,3.0,0.0,3.0,1.0,most_5k_frequent
بسيادم,nonword,,,,,,,,,6,,,,,,
إشاها,nonword,,,,,,,,,5,,,,,,
الترفين,nonword,,,,,,,,,7,,,,,,
بالصية,nonword,,,,,,,,,6,,,,,,
مساوية,word,1.01,0.31,3.01,مُساويَةَ,ADJ-FS + NSUFF,مساوي,3.0,0.03,6,0.0,6.0,1.0,2.0,1.11,other_7k_frequent
يداعرات,nonword,,,,,,,,,7,,,,,,
غدير,word,0.55,0.2,2.75,غَديرُ,NOUN-MS,غدير,1.0,0.01,4,0.0,12.0,0.0,0.0,1.0,other_7k_frequent
